Deal,Login,Open Time,Type,Symbol,Volume,Open Price,S/L,T/P,Close Time,Close Price,Reason,Gateway Order,Gateway Volume,Open Price Delta,Close Price Delta,Agent,Commission,Taxes,Swap,Profit,Points,Comment,,
92134630,20028076,2026.07.01 00:05:08,balance,CRM-S-1051421260630Swap,,,,,,,,,,,,,,,,-24.61,,CRM-S-1051421260630Swap,,USD
92134631,20020212,2026.07.01 00:05:08,balance,CRM-S-1051422260630Swap,,,,,,,,,,,,,,,,-0.69,,CRM-S-1051422260630Swap,,USD
92134632,20019355,2026.07.01 00:05:08,balance,CRM-S-1051423260630Swap,,,,,,,,,,,,,,,,-20.26,,CRM-S-1051423260630Swap,,USD
92134634,20023879,2026.07.01 00:05:09,balance,CRM-S-1051425260630Swap,,,,,,,,,,,,,,,,-1.88,,CRM-S-1051425260630Swap,,USD
92134635,20013741,2026.07.01 00:05:09,balance,CRM-S-1051426260630Swap,,,,,,,,,,,,,,,,-0.18,,CRM-S-1051426260630Swap,,USD
92134636,20002252,2026.07.01 00:05:09,balance,CRM-S-1051427260630Swap,,,,,,,,,,,,,,,,-2.76,,CRM-S-1051427260630Swap,,USD
92134638,866310,2026.07.01 00:05:09,balance,CRM-S-1051429260630Swap,,,,,,,,,,,,,,,,0.19,,CRM-S-1051429260630Swap,,USD
92134639,20051316,2026.07.01 00:05:09,balance,CRM-S-1051430260630Swap,,,,,,,,,,,,,,,,1.14,,CRM-S-1051430260630Swap,,USD
92134640,20008519,2026.07.01 00:05:09,balance,CRM-S-1051431260630Swap,,,,,,,,,,,,,,,,-2.31,,CRM-S-1051431260630Swap,,USD
92134641,20050322,2026.07.01 00:05:09,balance,CRM-S-1051432260630Swap,,,,,,,,,,,,,,,,0.19,,CRM-S-1051432260630Swap,,USD
92134642,20000319,2026.07.01 00:05:09,balance,CRM-S-1051433260630Swap,,,,,,,,,,,,,,,,-27.7,,CRM-S-1051433260630Swap,,USD
92134645,20013803,2026.07.01 00:05:09,balance,CRM-S-1051436260630Swap,,,,,,,,,,,,,,,,0.94,,CRM-S-1051436260630Swap,,USD
92134649,20026091,2026.07.01 00:05:09,balance,CRM-S-1051440260630Swap,,,,,,,,,,,,,,,,-6.4,,CRM-S-1051440260630Swap,,USD
92134650,20011098,2026.07.01 00:05:09,balance,CRM-S-1051441260630Swap,,,,,,,,,,,,,,,,-0.69,,CRM-S-1051441260630Swap,,USD
92134653,8824136,2026.07.01 00:05:10,balance,CRM-S-1051444260630Swap,,,,,,,,,,,,,,,,-2.43,,CRM-S-1051444260630Swap,,USD
92134657,20051187,2026.07.01 00:05:10,balance,CRM-S-1051448260630Swap,,,,,,,,,,,,,,,,0.56,,CRM-S-1051448260630Swap,,USD
92134676,20049971,2026.07.01 00:05:11,balance,CRM-S-1051467260630Swap,,,,,,,,,,,,,,,,1.14,,CRM-S-1051467260630Swap,,USD
92134677,20004084,2026.07.01 00:05:11,balance,CRM-S-1051468260630Swap,,,,,,,,,,,,,,,,0.19,,CRM-S-1051468260630Swap,,USD
92134680,20045666,2026.07.01 00:05:11,balance,CRM-S-1051471260630Swap,,,,,,,,,,,,,,,,-58.06,,CRM-S-1051471260630Swap,,USD
92134681,20048090,2026.07.01 00:05:11,balance,CRM-S-1051472260630Swap,,,,,,,,,,,,,,,,-1.38,,CRM-S-1051472260630Swap,,USD
92134682,607639,2026.07.01 00:05:11,balance,CRM-S-1051473260630Swap,,,,,,,,,,,,,,,,-0.69,,CRM-S-1051473260630Swap,,USD
92134685,20001606,2026.07.01 00:05:11,balance,CRM-S-1051476260630Swap,,,,,,,,,,,,,,,,-0.37,,CRM-S-1051476260630Swap,,USD
92134687,20048906,2026.07.01 00:05:12,balance,CRM-S-1051478260630Swap,,,,,,,,,,,,,,,,-5.08,,CRM-S-1051478260630Swap,,USD
92134688,20047033,2026.07.01 00:05:12,balance,CRM-S-1051479260630Swap,,,,,,,,,,,,,,,,-2.2,,CRM-S-1051479260630Swap,,USD
92134692,20003639,2026.07.01 00:05:12,balance,CRM-S-1051483260630Swap,,,,,,,,,,,,,,,,-4.14,,CRM-S-1051483260630Swap,,USD
92134702,20004509,2026.07.01 00:05:12,balance,CRM-S-1051493260630Swap,,,,,,,,,,,,,,,,-0.93,,CRM-S-1051493260630Swap,,USD
92134703,20004311,2026.07.01 00:05:12,balance,CRM-S-1051494260630Swap,,,,,,,,,,,,,,,,-11.02,,CRM-S-1051494260630Swap,,USD
92134704,20024388,2026.07.01 00:05:13,balance,CRM-S-1051495260630Swap,,,,,,,,,,,,,,,,-0.69,,CRM-S-1051495260630Swap,,USD
92134709,20050974,2026.07.01 00:05:13,balance,CRM-S-1051500260630Swap,,,,,,,,,,,,,,,,-1.38,,CRM-S-1051500260630Swap,,USD
92134711,20045165,2026.07.01 00:05:13,balance,CRM-S-1051502260630Swap,,,,,,,,,,,,,,,,2.82,,CRM-S-1051502260630Swap,,USD
92134713,20045876,2026.07.01 00:05:13,balance,CRM-S-1051504260630Swap,,,,,,,,,,,,,,,,-43.53,,CRM-S-1051504260630Swap,,USD
92134714,27284,2026.07.01 00:05:13,balance,CRM-S-1051505260630Swap,,,,,,,,,,,,,,,,-0.09,,CRM-S-1051505260630Swap,,USD
92134715,20049816,2026.07.01 00:05:13,balance,CRM-S-1051506260630Swap,,,,,,,,,,,,,,,,-12.42,,CRM-S-1051506260630Swap,,USD
92134716,20050718,2026.07.01 00:05:13,balance,CRM-S-1051507260630Swap,,,,,,,,,,,,,,,,0.18,,CRM-S-1051507260630Swap,,USD
92134717,861994,2026.07.01 00:05:13,balance,CRM-S-1051508260630Swap,,,,,,,,,,,,,,,,-2.07,,CRM-S-1051508260630Swap,,USD
92134718,761898,2026.07.01 00:05:13,balance,CRM-S-1051509260630Swap,,,,,,,,,,,,,,,,-0.45,,CRM-S-1051509260630Swap,,USD
92134721,20004853,2026.07.01 00:05:14,balance,CRM-S-1051512260630Swap,,,,,,,,,,,,,,,,-7.63,,CRM-S-1051512260630Swap,,USD
92134722,8008007,2026.07.01 00:05:14,balance,CRM-S-1051513260630Swap,,,,,,,,,,,,,,,,1.88,,CRM-S-1051513260630Swap,,USD
92134725,20025638,2026.07.01 00:05:14,balance,CRM-S-1051516260630Swap,,,,,,,,,,,,,,,,-0.69,,CRM-S-1051516260630Swap,,USD
92134726,20050896,2026.07.01 00:05:14,balance,CRM-S-1051517260630Swap,,,,,,,,,,,,,,,,-5.51,,CRM-S-1051517260630Swap,,USD
92043335,20050995,2026.06.30 10:00:05,sell stop,xauusd.p,0.03,3944.6,3983.6,3931.1,2026.07.01 01:05:01,4014.1,Expert,,,,,,,,,,,cancelled,,USD
92134388,20045666,2026.06.30 23:32:05,buy,xauusd,0.01,4012.1,0,4014.1,2026.07.01 01:05:01,4014.1,Expert,,,,,0,0,0,0,2,200,<修改后随机逆势马丁策略>[tp],,USD
91994011,20028197,2026.06.30 05:00:01,sell stop,xauusd,0.01,3882.47,3973.52,3756.11,2026.07.01 01:05:03,4014.04,Expert,,,,,,,,,,,cancelled,,USD
92063795,20028197,2026.06.30 13:00:01,buy stop,xauusd,0.01,4384.59,4374.37,4443.87,2026.07.01 01:05:03,4014.31,Expert,,,,,,,,,,,cancelled,,USD
92129599,20028197,2026.06.30 22:00:02,buy stop,xauusd,0.01,4384.59,4374.37,4443.87,2026.07.01 01:05:04,4014.37,Expert,,,,,,,,,,,cancelled,,USD
91625506,20006614,2026.06.25 01:05:01,buy stop,chfjpy,0.01,203.997,201.397,205.597,2026.07.01 01:05:05,201.184,Expert,,,,,,,,,,,cancelled,,USD
91986481,20028197,2026.06.30 04:25:01,sell stop,xauusd,0.01,3928.06,3966.02,3840.46,2026.07.01 01:05:05,4014.08,Expert,,,,,,,,,,,cancelled,,USD
91993988,20028197,2026.06.30 05:00:00,sell stop,xauusd,0.01,3886.41,3911.23,3867.43,2026.07.01 01:05:05,4014.29,Expert,,,,,,,,,,,cancelled,,USD
92016162,20028197,2026.06.30 07:30:01,sell stop,xauusd,0.01,3927.97,3955.56,3883,2026.07.01 01:05:05,4014.32,Expert,,,,,,,,,,,cancelled,,USD
92068131,20028197,2026.06.30 14:00:01,buy stop,xauusd,0.01,4597.71,4572.89,4616.69,2026.07.01 01:05:05,4014.61,Expert,,,,,,,,,,,cancelled,,USD
92105034,20014868,2026.06.30 17:36:10,sell limit,xauusd,0.01,4068,0,0,2026.07.01 01:05:05,4014.32,,,,,,,,,,,,cancelled,,USD
92130124,20028197,2026.06.30 22:10:01,buy stop,xauusd,0.01,4383.47,4355.88,4428.44,2026.07.01 01:05:05,4014.62,Expert,,,,,,,,,,,cancelled,,USD
92130423,20028197,2026.06.30 22:15:01,buy stop,xauusd,0.01,4383.47,4355.88,4428.44,2026.07.01 01:05:05,4014.37,Expert,,,,,,,,,,,cancelled,,USD
92136072,20028197,2026.07.01 01:05:04,buy stop,xauusd,0.01,4383.45,4356.33,4427.65,2026.07.01 01:05:05,4014.62,Expert,,,,,,,,,,,cancelled,,USD
91982220,20028197,2026.06.30 04:10:03,sell stop,xauusd,0.01,3927.97,3955.56,3883,2026.07.01 01:05:06,4014.32,Expert,,,,,,,,,,,cancelled,,USD
92005399,20028197,2026.06.30 06:00:00,sell stop,xauusd,0.01,3886.41,3911.23,3867.43,2026.07.01 01:05:06,4014.32,Expert,,,,,,,,,,,cancelled,,USD
92109555,20028197,2026.06.30 18:00:01,buy stop,xauusd,0.01,4776.28,4731.1,4864.5,2026.07.01 01:05:06,4014.62,Expert,,,,,,,,,,,cancelled,,USD
92118597,20028197,2026.06.30 19:00:02,buy stop,xauusd,0.01,4776.28,4731.1,4864.5,2026.07.01 01:05:06,4014.62,Expert,,,,,,,,,,,cancelled,,USD
92136017,20028197,2026.07.01 01:05:02,sell stop,xauusd,0.01,3886.42,3910.82,3867.76,2026.07.01 01:05:06,4014.32,Expert,,,,,,,,,,,cancelled,,USD
92136040,20028197,2026.07.01 01:05:03,sell stop,xauusd,0.01,3882.54,3972.03,3758.34,2026.07.01 01:05:06,4014.32,Expert,,,,,,,,,,,cancelled,,USD
92136077,20028197,2026.07.01 01:05:05,sell stop,xauusd,0.01,3927.99,3955.11,3883.79,2026.07.01 01:05:06,4014.32,Expert,,,,,,,,,,,cancelled,,USD
92160310,20028179,2026.07.01 04:51:54,sell,xauusd.v,0.05,3977.1,4007.9,3957.76,2026.07.01 04:53:42,3975.18,Client,,,,,0,0,0,0,9.6,192,,,USC
92160320,20033386,2026.07.01 04:51:55,sell,xauusd.v,0.06,3977.13,0,0,2026.07.01 04:53:42,3975.23,Dealer,,,,,0,0,0,0,11.4,190,copy #6402486,,USC
92159499,20028179,2026.07.01 04:47:48,sell,xauusd.v,0.05,3978.65,4008.17,3957.37,2026.07.01 04:53:47,3975.29,Client,,,,,0,0,0,0,16.8,336,,,USC
92159500,20033386,2026.07.01 04:47:49,sell,xauusd.v,0.06,3978.53,0,0,2026.07.01 04:53:47,3975.28,Dealer,,,,,0,0,0,0,19.5,325,copy #6402407,,USC
92162527,20028179,2026.07.01 05:05:39,sell,xauusd.v,0.05,3972.24,4001.67,3956.47,2026.07.01 05:08:42,3971.9,Client,,,,,0,0,0,0,1.7,34,,,USC
92162536,20033386,2026.07.01 05:05:39,sell,xauusd.v,0.06,3972.45,0,0,2026.07.01 05:08:42,3971.88,Dealer,,,,,0,0,0,0,3.42,57,copy #6402669,,USC
92161637,20028179,2026.07.01 05:00:23,sell,xauusd.v,0.01,3979.32,4005.93,3937.04,2026.07.01 05:08:43,3972,Client,,,,,0,0,0,0,7.32,732,,,USC
92161646,20033386,2026.07.01 05:00:23,sell,xauusd.v,0.01,3979.32,0,0,2026.07.01 05:08:44,3971.95,Dealer,,,,,0,0,0,0,7.37,737,copy #6402582,,USC
92161084,20028179,2026.07.01 04:56:12,sell,xauusd.v,0.01,3976.1,4007.57,3938.74,2026.07.01 05:08:45,3971.85,Client,,,,,0,0,0,0,4.25,425,,,USC
92161089,20033386,2026.07.01 04:56:13,sell,xauusd.v,0.01,3976.17,0,0,2026.07.01 05:08:46,3971.8,Dealer,,,,,0,0,0,0,4.37,437,copy #6402541,,USC
92163985,20028179,2026.07.01 05:14:04,sell,xauusd.v,0.01,3975.96,3984.62,3961.82,2026.07.01 05:15:44,3978.16,Client,,,,,0,0,0,0,-2.2,-220,,,USC
92163989,20033386,2026.07.01 05:14:04,sell,xauusd.v,0.01,3976.15,0,0,2026.07.01 05:15:45,3978.09,Dealer,,,,,0,0,0,0,-1.94,-194,copy #6402777,,USC
92161383,20028179,2026.07.01 04:58:41,sell,xauusd.v,0.01,3977.26,3984.88,3938.43,2026.07.01 05:15:46,3978.12,Client,,,,,0,0,0,0,-0.86,-86,,,USC
92161389,20033386,2026.07.01 04:58:41,sell,xauusd.v,0.01,3977.27,0,0,2026.07.01 05:15:47,3978.09,Dealer,,,,,0,0,0,0,-0.82,-82,copy #6402555,,USC
92167511,20028179,2026.07.01 05:42:09,sell,xauusd.v,0.05,3981.25,3990.49,3957.49,2026.07.01 05:55:16,3980.63,Client,,,,,0,0,0,0,3.1,62,,,USC
92167512,20033386,2026.07.01 05:42:09,sell,xauusd.v,0.06,3981.27,0,0,2026.07.01 05:55:16,3980.59,Dealer,,,,,0,0,0,0,4.08,68,copy #6403212,,USC
92168020,20028179,2026.07.01 05:46:16,sell,xauusd.v,0.05,3983.23,3991.67,3958.67,2026.07.01 05:55:16,3980.63,Client,,,,,0,0,0,0,13,260,,,USC
92168022,20033386,2026.07.01 05:46:17,sell,xauusd.v,0.06,3983.25,0,0,2026.07.01 05:55:16,3980.6,Dealer,,,,,0,0,0,0,15.9,265,copy #6403265,,USC
92167462,20028179,2026.07.01 05:41:56,sell,xauusd.v,0.05,3980.96,3990.34,3957.34,2026.07.01 05:55:17,3980.63,Client,,,,,0,0,0,0,1.65,33,,,USC
92167472,20033386,2026.07.01 05:41:56,sell,xauusd.v,0.06,3981.07,0,0,2026.07.01 05:55:18,3980.61,Dealer,,,,,0,0,0,0,2.76,46,copy #6403198,,USC
92167243,20028179,2026.07.01 05:40:28,sell,xauusd.v,0.01,3983.65,3991.62,3954.85,2026.07.01 06:00:16,3980.14,Client,,,,,0,0,0,0,3.51,351,to #92169470,,USC
92167251,20033386,2026.07.01 05:40:28,sell,xauusd.v,0.01,3983.65,0,0,2026.07.01 06:00:16,3980.05,Dealer,,,,,0,0,0,0,3.6,360,to #92169474,,USC
92169470,20028179,2026.07.01 05:40:28,sell,xauusd.v,0.01,3983.65,3991.62,3954.85,2026.07.01 06:02:37,3980.16,Client,,,,,0,0,0,0,3.49,349,from #92167243,,USC
92169474,20033386,2026.07.01 05:40:28,sell,xauusd.v,0.01,3983.65,0,0,2026.07.01 06:02:37,3980.11,Dealer,,,,,0,0,0,0,3.54,354,from #92167251,,USC
92171392,20028179,2026.07.01 06:21:27,sell,xauusd.v,0.05,3982.21,3990.78,3957.76,2026.07.01 06:29:14,3981.1,Client,,,,,0,0,0,0,5.55,111,,,USC
92171397,20033386,2026.07.01 06:21:27,sell,xauusd.v,0.06,3982.22,0,0,2026.07.01 06:29:14,3981.07,Dealer,,,,,0,0,0,0,6.9,115,copy #6403671,,USC
92173226,20028179,2026.07.01 06:42:29,sell,xauusd.v,0.01,3979.14,3986.77,3954.6,2026.07.01 06:50:42,3977.97,Client,,,,,0,0,0,0,1.17,117,,,USC
92173232,20033386,2026.07.01 06:42:29,sell,xauusd.v,0.01,3979.19,0,0,2026.07.01 06:50:42,3977.96,Dealer,,,,,0,0,0,0,1.23,123,copy #6403955,,USC
92172945,20028179,2026.07.01 06:39:07,sell,xauusd.v,0.01,3979.7,3986.77,3956.12,2026.07.01 06:50:43,3977.95,Client,,,,,0,0,0,0,1.75,175,,,USC
92172949,20033386,2026.07.01 06:39:08,sell,xauusd.v,0.01,3979.75,0,0,2026.07.01 06:50:44,3977.96,Dealer,,,,,0,0,0,0,1.79,179,copy #6403900,,USC
92172934,20028179,2026.07.01 06:38:58,sell,xauusd.v,0.01,3979.79,3987.15,3956.01,2026.07.01 06:50:47,3978.01,Client,,,,,0,0,0,0,1.78,178,,,USC
92172937,20033386,2026.07.01 06:38:59,sell,xauusd.v,0.01,3979.83,0,0,2026.07.01 06:50:47,3977.96,Dealer,,,,,0,0,0,0,1.87,187,copy #6403897,,USC
92174514,20028179,2026.07.01 07:02:18,sell,xauusd.v,0.04,3976.47,0,0,2026.07.01 07:03:39,3976.16,Client,,,,,0,0,0,0,1.24,31,,,USC
92174517,20033386,2026.07.01 07:02:18,sell,xauusd.v,0.05,3976.48,0,0,2026.07.01 07:03:40,3976.14,Dealer,,,,,0,0,0,0,1.7,34,copy #6404400,,USC
92172120,20028179,2026.07.01 06:30:19,sell,xauusd.v,0.01,3979.81,3979,3955.41,2026.07.01 07:05:30,3977.33,Client,,,,,0,0,0,0,2.48,248,,,USC
92172130,20033386,2026.07.01 06:30:19,sell,xauusd.v,0.01,3979.89,0,0,2026.07.01 07:05:30,3977.29,Dealer,,,,,0,0,0,0,2.6,260,copy #6403796,,USC
92179940,20028179,2026.07.01 08:14:13,sell,xauusd.v,0.02,3970.75,3983.4,3956.4,2026.07.01 08:29:54,3973.94,Client,,,,,0,0,0,0,-6.38,-319,,,USC
92179941,20033386,2026.07.01 08:14:13,sell,xauusd.v,0.02,3970.82,0,0,2026.07.01 08:29:55,3973.9,Dealer,,,,,0,0,0,0,-6.16,-308,copy #6405322,,USC
92180921,20028179,2026.07.01 08:26:13,sell,xauusd.v,0.01,3973.35,3985,3956,2026.07.01 08:29:57,3973.79,,,,,,0,0,0,0,-0.44,-44,,,USC
92180929,20033386,2026.07.01 08:26:14,sell,xauusd.v,0.01,3973.36,0,0,2026.07.01 08:29:57,3973.4,Dealer,,,,,0,0,0,0,-0.04,-4,copy #6405410,,USC
92181255,20028179,2026.07.01 08:30:12,sell,xauusd.v,0.03,3971.17,3985,3956,2026.07.01 08:31:27,3974.21,,,,,,0,0,0,0,-9.12,-304,,,USC
92181260,20033386,2026.07.01 08:30:13,sell,xauusd.v,0.04,3971.25,0,0,2026.07.01 08:31:27,3974.16,Dealer,,,,,0,0,0,0,-11.64,-291,copy #6405443,,USC
92180530,20028179,2026.07.01 08:20:54,sell,xauusd.v,0.01,3972.58,3985,3956,2026.07.01 08:31:30,3974.18,,,,,,0,0,0,0,-1.6,-160,,,USC
92180535,20033386,2026.07.01 08:20:55,sell,xauusd.v,0.01,3972.63,0,0,2026.07.01 08:31:30,3974.3,Dealer,,,,,0,0,0,0,-1.67,-167,copy #6405356,,USC
92189438,20028179,2026.07.01 09:22:00,sell,xauusd.v,0.06,3968.09,3986,3956,2026.07.01 09:34:31,3965.16,,,,,,0,0,0,0,17.58,293,,,USC
92188461,20028179,2026.07.01 09:15:54,sell,xauusd.v,0.06,3964.37,3986,3956,2026.07.01 09:34:32,3965.57,,,,,,0,0,0,0,-7.2,-120,,,USC
92188469,20033386,2026.07.01 09:15:55,sell,xauusd.v,0.07,3964.38,0,0,2026.07.01 09:34:32,3965.57,Dealer,,,,,0,0,0,0,-8.33,-119,copy #6406152,,USC
92189447,20033386,2026.07.01 09:22:01,sell,xauusd.v,0.07,3968.14,0,0,2026.07.01 09:34:32,3965.48,Dealer,,,,,0,0,0,0,18.62,266,copy #6406360,,USC
92195713,20028179,2026.07.01 10:11:02,sell,xauusd.v,0.01,3962.15,3969.9,3949.62,2026.07.01 10:18:39,3966.14,Client,,,,,0,0,0,0,-3.99,-399,,,USC
92195724,20033386,2026.07.01 10:11:02,sell,xauusd.v,0.01,3962.2,0,0,2026.07.01 10:18:40,3966.11,Dealer,,,,,0,0,0,0,-3.91,-391,copy #6407119,,USC
92196048,20028179,2026.07.01 10:13:24,sell,xauusd.v,0.01,3962.2,3968.8,3951.15,2026.07.01 10:18:41,3966.21,Client,,,,,0,0,0,0,-4.01,-401,,,USC
92196052,20033386,2026.07.01 10:13:24,sell,xauusd.v,0.01,3961.9,0,0,2026.07.01 10:18:41,3966.16,Dealer,,,,,0,0,0,0,-4.26,-426,copy #6407150,,USC
92196325,20028179,2026.07.01 10:15:09,sell,xauusd.v,0.01,3960.06,3969.45,3952.84,2026.07.01 10:18:42,3966.1,Client,,,,,0,0,0,0,-6.04,-604,,,USC
92196331,20033386,2026.07.01 10:15:10,sell,xauusd.v,0.01,3960.31,0,0,2026.07.01 10:18:42,3966.07,Dealer,,,,,0,0,0,0,-5.76,-576,copy #6407170,,USC
92196642,20028179,2026.07.01 10:17:39,sell,xauusd.v,0.03,3962.88,3967.41,3955.74,2026.07.01 10:18:43,3966.2,Client,,,,,0,0,0,0,-9.96,-332,,,USC
92196645,20033386,2026.07.01 10:17:40,sell,xauusd.v,0.04,3962.86,0,0,2026.07.01 10:18:44,3966.27,Dealer,,,,,0,0,0,0,-13.64,-341,copy #6407247,,USC
92196837,20028179,2026.07.01 10:18:36,buy,xauusd.v,0.05,3965.75,3953.65,3995.49,2026.07.01 10:20:02,3969.48,Client,,,,,0,0,0,0,18.65,373,,,USC
92196866,20033386,2026.07.01 10:18:37,buy,xauusd.v,0.06,3965.68,0,0,2026.07.01 10:20:02,3969.51,Dealer,,,,,0,0,0,0,22.98,383,copy #6407258,,USC
92200389,20028179,2026.07.01 10:43:21,sell,xauusd.v,0.05,3969.09,3974.89,3965.26,2026.07.01 10:50:54,3974.69,Client,,,,,0,0,0,0,-28,-560,,,USC
92200395,20033386,2026.07.01 10:43:22,sell,xauusd.v,0.06,3969.11,0,0,2026.07.01 10:50:54,3975.06,Dealer,,,,,0,0,0,0,-35.7,-595,copy #6407848,,USC
92200605,20028179,2026.07.01 10:45:05,sell,xauusd.v,0.05,3970.87,3974.82,3967.75,2026.07.01 10:50:54,3975.05,Client,,,,,0,0,0,0,-20.9,-418,[sl],,USC
92200740,20028179,2026.07.01 10:45:28,sell,xauusd.v,0.01,3970.5,3975.09,3966.86,2026.07.01 10:50:54,3975.14,Client,,,,,0,0,0,0,-4.64,-464,[sl],,USC
92200614,20033386,2026.07.01 10:45:06,sell,xauusd.v,0.06,3970.92,0,0,2026.07.01 10:50:55,3975.1,Dealer,,,,,0,0,0,0,-25.08,-418,copy #6407895,,USC
92200743,20033386,2026.07.01 10:45:28,sell,xauusd.v,0.01,3970.53,0,0,2026.07.01 10:50:55,3975.12,Dealer,,,,,0,0,0,0,-4.59,-459,copy #6407936,,USC
92210135,20028179,2026.07.01 12:12:23,buy,xauusd.v,0.05,3976.07,3969.42,3990.23,2026.07.01 12:13:42,3976.5,Client,,,,,0,0,0,0,2.15,43,,,USC
92210140,20033386,2026.07.01 12:12:24,buy,xauusd.v,0.06,3976.02,0,0,2026.07.01 12:13:42,3976.5,Dealer,,,,,0,0,0,0,2.88,48,copy #6409476,,USC
92209423,20028179,2026.07.01 12:03:20,buy,xauusd.v,0.05,3975.51,3969.48,0,2026.07.01 12:13:43,3976.37,Client,,,,,0,0,0,0,4.3,86,,,USC
92209430,20033386,2026.07.01 12:03:21,buy,xauusd.v,0.06,3975.57,0,0,2026.07.01 12:13:44,3976.44,Dealer,,,,,0,0,0,0,5.22,87,copy #6409412,,USC
92210617,20028179,2026.07.01 12:18:32,buy,xauusd.v,0.05,3978.83,0,0,2026.07.01 12:18:56,3979.67,Client,,,,,0,0,0,0,4.2,84,,,USC
92210621,20033386,2026.07.01 12:18:33,buy,xauusd.v,0.06,3978.76,0,0,2026.07.01 12:18:56,3979.68,Dealer,,,,,0,0,0,0,5.52,92,copy #6409537,,USC
92214708,20028179,2026.07.01 13:12:18,buy,xauusd.v,0.05,3986.54,3975.84,3990.8,2026.07.01 13:20:49,3981.86,Client,,,,,0,0,0,0,-23.4,-468,,,USC
92214709,20033386,2026.07.01 13:12:18,buy,xauusd.v,0.06,3986.51,0,0,2026.07.01 13:20:50,3981.91,Dealer,,,,,0,0,0,0,-27.6,-460,copy #6410325,,USC
92214988,20028179,2026.07.01 13:15:05,buy,xauusd.v,0.02,3984.7,3973.68,3988.31,2026.07.01 13:20:50,3981.86,Client,,,,,0,0,0,0,-5.68,-284,,,USC
92214995,20033386,2026.07.01 13:15:05,buy,xauusd.v,0.02,3984.57,0,0,2026.07.01 13:20:50,3981.91,Dealer,,,,,0,0,0,0,-5.32,-266,copy #6410364,,USC
92214738,20028179,2026.07.01 13:12:53,buy,xauusd.v,0.01,3986.16,3975.69,3990.75,2026.07.01 13:20:51,3981.87,Client,,,,,0,0,0,0,-4.29,-429,,,USC
92215085,20028179,2026.07.01 13:15:50,buy,xauusd.v,0.04,3984.18,3973.57,3988.5,2026.07.01 13:20:51,3981.87,Client,,,,,0,0,0,0,-9.24,-231,,,USC
92215086,20033386,2026.07.01 13:15:50,buy,xauusd.v,0.05,3984.13,0,0,2026.07.01 13:20:51,3981.89,Dealer,,,,,0,0,0,0,-11.2,-224,copy #6410366,,USC
92214741,20033386,2026.07.01 13:12:53,buy,xauusd.v,0.01,3986.17,0,0,2026.07.01 13:20:52,3981.92,Dealer,,,,,0,0,0,0,-4.25,-425,copy #6410328,,USC
92214946,20028179,2026.07.01 13:14:54,buy,xauusd.v,0.02,3984.58,3973.72,3988.67,2026.07.01 13:20:52,3981.86,Client,,,,,0,0,0,0,-5.44,-272,,,USC
92214949,20033386,2026.07.01 13:14:54,buy,xauusd.v,0.02,3984.57,0,0,2026.07.01 13:20:52,3981.91,Dealer,,,,,0,0,0,0,-5.32,-266,copy #6410354,,USC
92215746,20028179,2026.07.01 13:24:59,sell,xauusd.v,0.02,3984.87,3995.5,3970.57,2026.07.01 13:29:25,3986.46,Client,,,,,0,0,0,0,-3.18,-159,,,USC
92215775,20028179,2026.07.01 13:25:28,sell,xauusd.v,0.05,3984.69,3995.31,3970.51,2026.07.01 13:29:25,3986.48,Client,,,,,0,0,0,0,-8.95,-179,,,USC
92215499,20028179,2026.07.01 13:22:08,sell,xauusd.v,0.05,3981.51,3992.55,3977.55,2026.07.01 13:29:26,3986.34,Client,,,,,0,0,0,0,-24.15,-483,,,USC
92215605,20028179,2026.07.01 13:23:30,sell,xauusd.v,0.02,3982.34,3992.93,3967.92,2026.07.01 13:29:26,3986.36,Client,,,,,0,0,0,0,-8.04,-402,,,USC
92215675,20028179,2026.07.01 13:24:06,sell,xauusd.v,0.02,3983.66,3994.11,3969.11,2026.07.01 13:29:26,3986.48,Client,,,,,0,0,0,0,-5.64,-282,,,USC
92215682,20033386,2026.07.01 13:24:07,sell,xauusd.v,0.02,3983.71,0,0,2026.07.01 13:29:26,3986.32,Dealer,,,,,0,0,0,0,-5.22,-261,copy #6410450,,USC
92215750,20033386,2026.07.01 13:24:59,sell,xauusd.v,0.02,3984.88,0,0,2026.07.01 13:29:26,3986.31,Dealer,,,,,0,0,0,0,-2.86,-143,copy #6410460,,USC
92215784,20033386,2026.07.01 13:25:29,sell,xauusd.v,0.06,3984.74,0,0,2026.07.01 13:29:26,3986.43,Dealer,,,,,0,0,0,0,-10.14,-169,copy #6410472,,USC
92215504,20033386,2026.07.01 13:22:08,sell,xauusd.v,0.06,3981.75,0,0,2026.07.01 13:29:27,3986.31,Dealer,,,,,0,0,0,0,-27.36,-456,copy #6410418,,USC
92215612,20033386,2026.07.01 13:23:31,sell,xauusd.v,0.02,3982.39,0,0,2026.07.01 13:29:27,3986.33,Dealer,,,,,0,0,0,0,-7.88,-394,copy #6410440,,USC
92217783,20028179,2026.07.01 13:46:28,buy,xauusd.v,0.05,3989,3978.24,3998.36,2026.07.01 13:47:14,3989.08,Client,,,,,0,0,0,0,0.4,8,,,USC
92217794,20028179,2026.07.01 13:46:31,buy,xauusd.v,0.05,3988.94,3978.33,3998.33,2026.07.01 13:47:14,3989.04,Client,,,,,0,0,0,0,0.5,10,,,USC
92217798,20033386,2026.07.01 13:46:32,buy,xauusd.v,0.06,3988.9,0,0,2026.07.01 13:47:14,3989.12,Dealer,,,,,0,0,0,0,1.32,22,copy #6410898,,USC
92217793,20033386,2026.07.01 13:46:29,buy,xauusd.v,0.06,3988.99,0,0,2026.07.01 13:47:15,3989.11,Dealer,,,,,0,0,0,0,0.72,12,copy #6410889,,USC
92220652,20028179,2026.07.01 14:07:23,sell,xauusd.v,0.05,4008.18,4018.32,3972.33,2026.07.01 14:11:03,4014.67,Client,,,,,0,0,0,0,-32.45,-649,,,USC
92220093,20028179,2026.07.01 14:04:02,sell,xauusd.v,0.05,4006.25,4026.74,3970.75,2026.07.01 14:11:04,4014.61,Client,,,,,0,0,0,0,-41.8,-836,,,USC
92220095,20033386,2026.07.01 14:04:02,sell,xauusd.v,0.06,4006.48,0,0,2026.07.01 14:11:04,4014.66,Dealer,,,,,0,0,0,0,-49.08,-818,copy #6411472,,USC
92220662,20033386,2026.07.01 14:07:23,sell,xauusd.v,0.06,4008.17,0,0,2026.07.01 14:11:04,4014.53,Dealer,,,,,0,0,0,0,-38.16,-636,copy #6411508,,USC
92219557,20028179,2026.07.01 14:01:39,sell,xauusd.v,0.05,4002.63,4023.14,3968.34,2026.07.01 14:11:05,4015.19,Client,,,,,0,0,0,0,-62.8,-1256,,,USC
92219567,20033386,2026.07.01 14:01:39,sell,xauusd.v,0.06,4002.64,0,0,2026.07.01 14:11:06,4015.14,Dealer,,,,,0,0,0,0,-75,-1250,copy #6411351,,USC
92222927,20028179,2026.07.01 14:16:49,sell,xauusd.v,0.05,4015.81,4025.96,3979.96,2026.07.01 14:21:57,4025.78,Client,,,,,0,0,0,0,-49.85,-997,,,USC
92222929,20033386,2026.07.01 14:16:49,sell,xauusd.v,0.06,4015.85,0,0,2026.07.01 14:21:57,4025.73,Dealer,,,,,0,0,0,0,-59.28,-988,copy #6411827,,USC
92223128,20028179,2026.07.01 14:17:56,sell,xauusd.v,0.05,4017.25,4027.84,3981.72,2026.07.01 14:21:57,4025.75,Client,,,,,0,0,0,0,-42.5,-850,,,USC
92223129,20033386,2026.07.01 14:17:56,sell,xauusd.v,0.06,4017.3,0,0,2026.07.01 14:21:57,4025.65,Dealer,,,,,0,0,0,0,-50.1,-835,copy #6411832,,USC
92222896,20028179,2026.07.01 14:16:45,sell,xauusd.v,0.05,4015.44,4026.08,3980.05,2026.07.01 14:21:59,4026.58,Client,,,,,0,0,0,0,-55.7,-1114,,,USC
92222897,20033386,2026.07.01 14:16:45,sell,xauusd.v,0.06,4015.45,0,0,2026.07.01 14:21:59,4026.51,Dealer,,,,,0,0,0,0,-66.36,-1106,copy #6411810,,USC
91469660,20050392,2026.06.22 17:09:16,sell limit,xauusd.v,0.02,4090,0,0,2026.07.01 16:44:19,4090.05,,,,,,,,,,,,deleted [no money],,#N/A
91840631,20050392,2026.06.29 07:04:48,sell limit,xauusd.v,0.02,4100,0,0,2026.07.01 16:45:08,4100.32,,,,,,,,,,,,deleted [no money],,#N/A
92259099,20028179,2026.07.01 16:51:35,buy,xauusd.v,0.02,4095.9,4049.79,4118,2026.07.01 17:00:54,4097.05,Client,,,,,0,0,0,0,2.3,115,,,USC
92259113,20033386,2026.07.01 16:51:36,buy,xauusd.v,0.02,4095.89,0,0,2026.07.01 17:00:54,4096.85,Dealer,,,,,0,0,0,0,1.92,96,copy #6414603,,USC
92259533,20028179,2026.07.01 16:53:05,buy,xauusd.v,0.02,4089.08,4045.75,4118.8,2026.07.01 17:00:55,4096.95,Client,,,,,0,0,0,0,15.74,787,,,USC
92259536,20033386,2026.07.01 16:53:06,buy,xauusd.v,0.02,4089.21,0,0,2026.07.01 17:00:55,4098.37,Dealer,,,,,0,0,0,0,18.32,916,copy #6414650,,USC
92271462,20028179,2026.07.01 17:35:23,buy,xauusd.v,0.02,4114.12,4082.92,4123.3,2026.07.01 17:41:29,4099.96,Client,,,,,0,0,0,0,-28.32,-1416,,,USC
92271485,20033386,2026.07.01 17:35:24,buy,xauusd.v,0.02,4113.38,0,0,2026.07.01 17:41:29,4100.22,Dealer,,,,,0,0,0,0,-26.32,-1316,copy #6415198,,USC
92272829,20028179,2026.07.01 17:39:26,buy,xauusd.v,0.02,4109.62,4079.03,4119.04,2026.07.01 17:41:29,4099.95,Client,,,,,0,0,0,0,-19.34,-967,,,USC
92272837,20033386,2026.07.01 17:39:27,buy,xauusd.v,0.02,4109.58,0,0,2026.07.01 17:41:29,4100.21,Dealer,,,,,0,0,0,0,-18.74,-937,copy #6415246,,USC
92271169,20028179,2026.07.01 17:34:58,buy,xauusd.v,0.02,4109.41,4081.38,4120.7,2026.07.01 17:41:30,4100.01,Client,,,,,0,0,0,0,-18.8,-940,,,USC
92271178,20033386,2026.07.01 17:34:58,buy,xauusd.v,0.02,4109.98,0,0,2026.07.01 17:41:31,4100.27,Dealer,,,,,0,0,0,0,-19.42,-971,copy #6415173,,USC
92271254,20028179,2026.07.01 17:35:03,buy,xauusd.v,0.02,4111.25,4080.7,4121.31,2026.07.01 17:41:31,4099.9,Client,,,,,0,0,0,0,-22.7,-1135,,,USC
92271266,20033386,2026.07.01 17:35:03,buy,xauusd.v,0.02,4110.86,0,0,2026.07.01 17:41:32,4100.18,Dealer,,,,,0,0,0,0,-21.36,-1068,copy #6415183,,USC
92273261,20028179,2026.07.01 17:41:14,buy,xauusd.v,0.02,4105.79,4075.16,4114.91,2026.07.01 17:41:33,4100.01,Client,,,,,0,0,0,0,-11.56,-578,,,USC
92273265,20033386,2026.07.01 17:41:14,buy,xauusd.v,0.02,4105.8,0,0,2026.07.01 17:41:33,4099.8,Dealer,,,,,0,0,0,0,-12,-600,copy #6415262,,USC
92288656,20051032,2026.07.01 19:16:08,balance,CRM-D-822002,,,,,,,,,,,,,,,,13.99,,CRM-D-822002,,#N/A
92288796,20051032,2026.07.01 19:17:28,balance,CRM-TO-778384to:50066886,,,,,,,,,,,,,,,,-13.99,,CRM-TO-778384to:50066886,,#N/A
92134161,20004509,2026.06.30 23:27:04,sell,xauusd.u,0.02,4013.78,4013.78,0,2026.07.01 01:05:00,4014.52,,,,,,0,0,0,0,-1.48,-74,[sl],,USD
92134225,20048090,2026.06.30 23:27:51,buy,xauusd,0.01,4013.53,4009.5,4014,2026.07.01 01:05:00,4014,Dealer,,,,,0,0,0,0,0.47,47,[tp],,USD
92134093,20045666,2026.06.30 23:25:25,buy,xauusd,0.01,4014,0,4016,2026.07.01 01:05:14,4016,Expert,,,,,0,0,0,0,2,200,<修改后随机逆势马丁策略>[tp],,USD
92128211,20049971,2026.06.30 21:17:08,sell,xauusd.v,0.02,4030.66,4037,4010,2026.07.01 01:05:33,4016.41,,,,,,0,0,0,0,28.5,1425,,,USD
92134475,20049971,2026.06.30 23:35:07,sell,xauusd.v,0.02,4011.01,4017,3080,2026.07.01 01:07:41,4017.05,,,,,,0,0,0,0,-12.08,-604,[sl],,USD
92134095,20024388,2026.06.30 23:25:35,buy,xauusd.v,0.01,4014.33,0,4030,2026.07.01 01:08:18,4016,Dealer,,,,,0,-0.5,0,0,1.67,167,,,USD
92134531,20002252,2026.06.30 23:38:24,buy,xauusd,0.01,4011.66,0,0,2026.07.01 01:12:20,4016.68,Client,,,,,0,0,0,0,5.02,502,,,USD
92134580,8824136,2026.06.30 23:40:21,buy,xauusd.v,0.02,4011.71,0,0,2026.07.01 01:12:34,4016.16,Dealer,,,,,0,-1,0,0,8.9,445,,,USD
92133304,8824136,2026.06.30 23:07:15,buy,xauusd.v,0.02,4019.9,0,0,2026.07.01 01:23:34,4012.34,Dealer,,,,,0,-1,0,0,-15.12,-756,,,USD
92134624,20020212,2026.06.30 23:53:18,buy,xauusd,0.01,4010.85,3975,4020,2026.07.01 01:29:04,4012.8,Dealer,,,,,0,0,0,0,1.95,195,,,USD
92130015,20049971,2026.06.30 22:07:52,sell,xauusd.v,0.02,4024.9,4019,4000,2026.07.01 01:29:27,4013.36,,,,,,0,0,0,0,23.08,1154,,,USD
92092557,27284,2026.06.30 16:47:31,buy,ethusd,0.04,1559.67,0,0,2026.07.01 01:31:22,1565.73,,,,,,0,-0.01,0,0,0.24,606,so: 19.1%/0.3/1.7,,USD
92092585,27284,2026.06.30 16:47:39,buy,ethusd,0.01,1560.66,0,0,2026.07.01 01:31:22,1565.73,,,,,,0,0,0,0,0.05,507,so: 19.1%/0.3/1.7,,USD
92094328,27284,2026.06.30 16:57:14,buy,ethusd,0.01,1564.21,0,0,2026.07.01 01:31:22,1565.73,,,,,,0,0,0,0,0.02,152,so: 19.1%/0.3/1.7,,USD
92133343,27284,2026.06.30 23:08:56,buy,ethusd,0.04,1581.71,0,0,2026.07.01 01:31:22,1565.73,,,,,,0,-0.01,0,0,-0.64,-1598,so: 19.1%/0.3/1.7,,USD
92133345,27284,2026.06.30 23:09:09,buy,ethusd,0.01,1582.15,0,0,2026.07.01 01:31:22,1565.73,,,,,,0,0,0,0,-0.16,-1642,so: 19.1%/0.3/1.7,,USD
92137054,20047033,2026.07.01 01:19:03,buy,xauusd.u,0.01,4014.83,4009.54,4028.04,2026.07.01 01:34:02,4015.17,Expert,,,,,0,0,0,0,0.34,34,RangerM1,,USD
92137055,20048906,2026.07.01 01:19:03,buy,xauusd.u,0.03,4014.83,4009.54,4028.04,2026.07.01 01:34:02,4015.2,Expert,,,,,0,0,0,0,1.11,37,RangerM1,,USD
92136974,20045666,2026.07.01 01:18:44,buy,xauusd,0.01,4013.89,0,4015.89,2026.07.01 01:38:08,4015.89,Expert,,,,,0,0,0,0,2,200,<修改后随机逆势马丁策略>[tp],,USD
92134602,20000319,2026.06.30 23:46:01,buy,xauusd,0.03,4011.6,0,0,2026.07.01 01:38:14,4016.04,,,,,,0,0,0,0,13.32,444,,,USD
92134341,20000319,2026.06.30 23:30:26,buy,xauusd,0.03,4013.59,0,0,2026.07.01 01:38:22,4015.91,,,,,,0,0,0,0,6.96,232,,,USD
92134039,20045666,2026.06.30 23:25:03,buy,xauusd,0.01,4015.81,0,4017.81,2026.07.01 01:40:27,4017.81,Expert,,,,,0,0,0,0,2,200,<修改后随机逆势马丁策略>[tp],,USD
92134603,20050322,2026.06.30 23:46:08,sell,xauusd,0.01,4010.91,4018,0,2026.07.01 01:40:27,4018.04,,,,,,0,0,0,0,-7.13,-713,[sl],,USD
92133880,20004311,2026.06.30 23:21:17,buy,xauusd,0.08,4017.42,4011.5,0,2026.07.01 01:40:52,4017.52,,,,,,0,0,0,0,0.8,10,,,USD
92131534,20000319,2026.06.30 22:41:09,sell,usoil,0.1,70.555,0,0,2026.07.01 01:44:31,70.356,,,,,,0,0,0,0,19.9,199,,,USD
92134158,20004311,2026.06.30 23:26:52,buy,xauusd,0.08,4014.53,4014.75,0,2026.07.01 01:44:39,4014.69,,,,,,0,0,0,0,1.28,16,[sl],,USD
92137872,20047033,2026.07.01 01:34:02,sell,xauusd.u,0.01,4015.17,4019.39,4001.04,2026.07.01 01:45:01,4014.41,Expert,,,,,0,0,0,0,0.76,76,RangerM1,,USD
92137873,20048906,2026.07.01 01:34:02,sell,xauusd.u,0.03,4015.16,4019.39,4001.04,2026.07.01 01:45:01,4014.41,Expert,,,,,0,0,0,0,2.25,75,RangerM1,,USD
92138285,20048906,2026.07.01 01:45:02,buy,xauusd.u,0.03,4014.41,4009.96,4027.8,2026.07.01 01:45:44,4015.4,Expert,,,,,0,0,0,0,2.97,99,RangerM1,,USD
92138286,20047033,2026.07.01 01:45:02,buy,xauusd.u,0.01,4014.43,4009.96,4027.8,2026.07.01 01:45:44,4015.38,Expert,,,,,0,0,0,0,0.95,95,RangerM1,,USD
92134586,20011098,2026.06.30 23:41:31,buy,xauusd.v,0.01,4011.17,3997,4039,2026.07.01 01:48:41,4012.56,Dealer,,,,,0,0,0,0,1.39,139,,,USD
92138500,20000319,2026.07.01 01:48:36,sell,xauusd,0.05,4013.26,0,0,2026.07.01 01:55:21,4012.49,,,,,,0,0,0,0,3.85,77,,,USD
92137000,20049971,2026.07.01 01:18:46,sell,xauusd.v,0.03,4012.68,4018,4000,2026.07.01 01:59:07,4012.82,,,,,,0,0,0,0,-0.42,-14,,,USD
92138722,20045666,2026.07.01 01:53:42,buy,xauusd,0.01,4011.84,0,4013.84,2026.07.01 02:05:32,4013.84,Expert,,,,,0,0,0,0,2,200,<修改后随机逆势马丁策略>[tp],,USD
92134287,20003639,2026.06.30 23:29:15,buy,xauusd.v,0.03,4013.73,4009,0,2026.07.01 02:05:38,4014.43,,,,,,0,0,0,0,2.1,70,,,USD
92138481,20045666,2026.07.01 01:47:51,buy,xauusd,0.01,4013.68,0,4015.68,2026.07.01 02:06:07,4015.68,Expert,,,,,0,0,0,0,2,200,<修改后随机逆势马丁策略>[tp],,USD
92138236,20045666,2026.07.01 01:44:32,buy,xauusd,0.01,4015.65,0,4017.65,2026.07.01 02:07:35,4017.66,Expert,,,,,0,0,0,0,2.01,201,<修改后随机逆势马丁策略>[tp],,USD
92138824,20004311,2026.07.01 01:56:12,sell,xauusd,0.1,4012.26,4018.25,4001,2026.07.01 02:07:43,4018.34,,,,,,0,0,0,0,-60.8,-608,[sl],,USD
92139510,20047033,2026.07.01 02:06:02,sell,xauusd.u,0.01,4014.51,4018.63,4004.16,2026.07.01 02:07:58,4018.63,Expert,,,,,0,0,0,0,-4.12,-412,RangerM1[sl],,USD
92139511,20048906,2026.07.01 02:06:02,sell,xauusd.u,0.03,4014.93,4018.63,4004.16,2026.07.01 02:07:58,4018.63,Expert,,,,,0,0,0,0,-11.1,-370,RangerM1[sl],,USD
92139541,20011098,2026.07.01 02:06:08,buy,xauusd.v,0.01,4016.31,4000,4039,2026.07.01 02:08:34,4016.98,Dealer,,,,,0,0,0,0,0.67,67,,,USD
92114906,20051316,2026.06.30 18:26:16,sell,xauusd,0.02,4028.25,0,3980,2026.07.01 02:11:43,4015.81,,,,,,0,0,0,0,24.88,1244,,,USD
92134611,20051316,2026.06.30 23:47:42,sell,xauusd,0.02,4010.51,0,3980,2026.07.01 02:11:47,4015.97,,,,,,0,0,0,0,-10.92,-546,,,USD
92134612,20051316,2026.06.30 23:47:46,sell,xauusd,0.02,4010.47,0,3980,2026.07.01 02:11:51,4015.89,,,,,,0,0,0,0,-10.84,-542,,,USD
92139940,20003639,2026.07.01 02:10:32,sell,xauusd.v,0.03,4016.87,0,0,2026.07.01 02:12:34,4016.52,,,,,,0,0,0,0,1.05,35,,,USD
92139889,20004311,2026.07.01 02:09:30,sell,xauusd,0.01,4017.13,4024,4001,2026.07.01 02:16:10,4014.91,,,,,,0,0,0,0,2.22,222,to #92140306,,USD
92139781,20049971,2026.07.01 02:07:55,sell,xauusd.v,0.03,4017.81,4019.81,4011,2026.07.01 02:20:45,4011,,,,,,0,0,0,0,20.43,681,[tp],,USD
92140371,20047033,2026.07.01 02:19:02,buy,xauusd.u,0.01,4013.89,4009.38,4025.46,2026.07.01 02:21:30,4009.38,Expert,,,,,0,0,0,0,-4.51,-451,RangerM1[sl],,USD
92140372,20048906,2026.07.01 02:19:02,buy,xauusd.u,0.03,4013.9,4009.38,4025.46,2026.07.01 02:21:30,4009.38,Expert,,,,,0,0,0,0,-13.56,-452,RangerM1[sl],,USD
92140059,20051316,2026.07.01 02:11:57,buy,xauusd,0.02,4015.67,0,0,2026.07.01 02:22:17,4008.8,,,,,,0,0,0,0,-13.74,-687,so: 19.1%/6.1/32.1,,USD
92140064,20051316,2026.07.01 02:12:14,buy,xauusd,0.02,4015.69,0,0,2026.07.01 02:22:17,4008.8,,,,,,0,0,0,0,-13.78,-689,so: 19.1%/6.1/32.1,,USD
92140088,20003639,2026.07.01 02:21:18,sell,xauusd.v,0.03,4009.98,0,0,2026.07.01 02:22:43,4010.84,,,,,,0,0,0,0,-2.58,-86,,,USD
92140058,20000319,2026.07.01 02:11:57,sell,xauusd,0.05,4015.39,0,0,2026.07.01 02:27:23,4009.71,,,,,,0,0,0,0,28.4,568,,,USD
92140543,20045666,2026.07.01 02:21:24,buy,xauusd,0.01,4010.31,0,4012.31,2026.07.01 02:30:56,4012.31,Expert,,,,,0,0,0,0,2,200,<修改后随机逆势马丁策略>[tp],,USD
92140960,20051316,2026.07.01 02:26:16,sell,xauusd,0.02,4008.75,0,0,2026.07.01 02:35:02,4011.73,,,,,,0,0,0,0,-5.96,-298,,,USD
92140966,20051316,2026.07.01 02:26:23,sell,xauusd,0.02,4008.55,0,0,2026.07.01 02:35:06,4011.64,,,,,,0,0,0,0,-6.18,-309,,,USD
92141038,20051316,2026.07.01 02:27:27,sell,xauusd,0.02,4009.18,0,0,2026.07.01 02:35:09,4011.51,,,,,,0,0,0,0,-4.66,-233,,,USD
92141062,20051316,2026.07.01 02:27:48,sell,xauusd,0.02,4010.1,0,0,2026.07.01 02:35:13,4011.18,,,,,,0,0,0,0,-2.16,-108,,,USD
92141521,20051316,2026.07.01 02:34:55,buy,xauusd,0.08,4011.76,0,0,2026.07.01 02:38:27,4010.27,,,,,,0,0,0,0,-11.92,-149,,,USD
92139008,20050322,2026.07.01 02:00:18,sell,xauusd,0.01,4012.64,0,4001.33,2026.07.01 02:42:43,4009.77,,,,,,0,0,0,0,2.87,287,to #92141863,,USD
92138142,20000319,2026.07.01 01:41:07,sell,gbpusd,0.2,1.32589,0,0,2026.07.01 02:45:24,1.32538,,,,,,0,0,0,0,10.2,51,,,USD
92109825,20045876,2026.06.30 18:00:54,buy,xauusd,0.1,4038.03,4008,0,2026.07.01 02:46:24,4008,,,,,,0,0,0,0,-300.3,-3003,[sl],,USD
92133380,20045876,2026.06.30 23:10:29,buy,xauusd,0.1,4019.85,4008,0,2026.07.01 02:46:24,4008,,,,,,0,0,0,0,-118.5,-1185,[sl],,USD
92127524,20045876,2026.06.30 21:00:17,buy,eurusd,5,1.14249,1.1413,0,2026.07.01 02:52:06,1.14111,,,,,,0,0,0,0,-690,-138,[sl],,USD
92133779,20023879,2026.06.30 23:20:23,buy,xauusd,0.03,4017.61,0,0,2026.07.01 02:56:03,4005.75,Dealer,,,,,0,0,0,0,-35.58,-1186,so: 18.8%/4.5/24.1,,USD
92134621,20023879,2026.06.30 23:51:33,sell,xauusd,0.01,4010.78,0,0,2026.07.01 02:56:03,4006.17,Dealer,,,,,0,0,0,0,4.61,461,so: 18.8%/4.5/24.1,,USD
92141863,20050322,2026.07.01 02:00:18,sell,xauusd,0.01,4012.64,0,4001.33,2026.07.01 02:58:48,4006.25,,,,,,0,0,0,0,6.39,639,from #92139008,,USD
92141330,20000319,2026.07.01 02:31:21,sell,xauusd,0.05,4010.88,0,0,2026.07.01 03:00:28,4007.46,,,,,,0,0,0,0,17.1,342,,,USD
92140621,20000319,2026.07.01 02:22:01,sell,gbpusd,0.15,1.32552,0,0,2026.07.01 03:00:47,1.32505,,,,,,0,0,0,0,7.05,47,,,USD
92141649,20000319,2026.07.01 02:36:57,sell,gbpusd,0.1,1.32547,0,0,2026.07.01 03:02:56,1.32517,,,,,,0,0,0,0,3,30,,,USD
92143919,20050322,2026.07.01 03:11:09,buy,xauusd,0.02,4008.67,0,0,2026.07.01 03:11:38,4008.74,,,,,,0,0,0,0,0.14,7,,,USD
92141692,20051316,2026.07.01 02:37:24,sell,xauusd,0.08,4009.46,0,3955,2026.07.01 03:12:54,4008.92,,,,,,0,0,0,0,4.32,54,,,USD
92143497,20051316,2026.07.01 03:04:40,sell,xauusd,0.01,4007.03,0,3900,2026.07.01 03:12:57,4009.04,,,,,,0,0,0,0,-2.01,-201,,,USD
92143829,761898,2026.07.01 03:10:32,sell,nikkei,0.01,71647,0,0,2026.07.01 03:13:30,71605,,,,,,0,0,0,0,1.29,42,,,USD
92144125,20051316,2026.07.01 03:13:28,buy,xauusd,0.02,4009.31,0,4020,2026.07.01 03:15:59,4006.88,,,,,,0,0,0,0,-4.86,-243,,,USD
92144085,20051316,2026.07.01 03:13:05,buy,xauusd,0.01,4008.93,0,4020,2026.07.01 03:16:02,4006.65,,,,,,0,0,0,0,-2.28,-228,,,USD
92144000,20000319,2026.07.01 03:11:54,sell,xauusd,0.1,4008.36,0,0,2026.07.01 03:16:22,4007.79,,,,,,0,0,0,0,5.7,57,,,USD
92134317,20047033,2026.06.30 23:30:02,buy,xauusd.u,0.01,4013.38,4003.22,4043.22,2026.07.01 03:19:50,4003.12,Expert,,,,,0,0,0,0,-10.26,-1026,#222 龙卷风2.0一次一单[sl],,USD
92134318,20048906,2026.06.30 23:30:02,buy,xauusd.u,0.03,4013.39,4003.22,4043.22,2026.07.01 03:19:50,4003.12,Expert,,,,,0,0,0,0,-30.81,-1027,Tornado2.0#92134316[sl],,USD
92134567,20051187,2026.06.30 23:39:11,sell,xauusd,0.03,4010.51,0,0,2026.07.01 03:20:13,4003.15,Client,,,,,0,0,0,0,22.08,736,@80@4683364@334,,USD
92135998,20051187,2026.07.01 01:05:01,sell,xauusd,0.03,4014.05,0,0,2026.07.01 03:20:13,4003.14,Client,,,,,0,0,0,0,32.73,1091,@80@4683540@334,,USD
92144663,20051187,2026.07.01 03:19:39,sell,xauusd,0.03,4003.85,0,0,2026.07.01 03:20:13,4003.15,Client,,,,,0,0,0,0,2.1,70,@80@4687557@334,,USD
92144894,20000319,2026.07.01 03:20:24,buy,xauusd,0.03,4003.87,0,0,2026.07.01 03:20:50,4004.27,,,,,,0,0,0,0,1.2,40,,,USD
92142816,20003639,2026.07.01 03:19:38,sell,xauusd.v,0.03,4004.2,0,0,2026.07.01 03:22:34,4004.79,,,,,,0,0,0,0,-1.77,-59,,,USD
92138201,20004311,2026.07.01 01:43:34,sell,xauusd,0.02,4016.5,4014,0,2026.07.01 03:31:04,4001.79,,,,,,0,0,0,0,29.42,1471,to #92146115,,USD
92143259,20050322,2026.07.01 03:02:01,sell,xauusd,0.01,4006.23,4010.5,4000.88,2026.07.01 03:36:09,4004.23,,,,,,0,0,0,0,2,200,,,USD
92146791,8008007,2026.07.01 03:38:06,sell,xauusd.v,0.05,4003.04,4005,4002.1,2026.07.01 03:39:14,4002.1,,,,,,0,-2.5,0,0,4.7,94,[tp],,USD
92134587,20026091,2026.06.30 23:41:46,buy,xauusd,0.02,4011.04,3998,0,2026.07.01 03:41:27,3997.98,,,,,,0,0,0,0,-26.12,-1306,[sl],,USD
92146678,20011098,2026.07.01 03:36:24,buy,xauusd.v,0.01,4004.99,3998,4015,2026.07.01 03:41:27,3997.97,Dealer,,,,,0,0,0,0,-7.02,-702,[sl],,USD
92134384,607639,2026.06.30 23:31:24,buy,xauusd.v,0.01,4012.56,3997,0,2026.07.01 03:41:33,3996.97,,,,,,0,-0.1,0,0,-15.59,-1559,[sl],,USD
92133245,861994,2026.06.30 23:05:37,buy,xauusd.v,0.03,4020.04,0,0,2026.07.01 03:41:38,3996.69,Dealer,,,,,0,0,0,0,-70.05,-2335,so: 19.9%/4.8/24.1,,USD
92144784,20047033,2026.07.01 03:20:01,sell,xauusd.u,0.01,4002.52,3997.51,3972.35,2026.07.01 03:41:50,3997.57,Expert,,,,,0,0,0,0,4.95,495,#222 龙卷风2.0一次一单[sl],,USD
92144786,20048906,2026.07.01 03:20:01,sell,xauusd.u,0.03,4002.5,3997.51,3972.35,2026.07.01 03:41:50,3997.57,Expert,,,,,0,0,0,0,14.79,493,Tornado2.0#92144781[sl],,USD
92142975,20050322,2026.07.01 02:58:57,sell,xauusd,0.01,4006.12,4010.5,0,2026.07.01 03:42:20,3996.91,,,,,,0,0,0,0,9.21,921,,,USD
92144858,20051187,2026.07.01 03:20:15,sell,xauusd,0.03,4003.05,0,0,2026.07.01 03:42:20,3997.39,Client,,,,,0,0,0,0,16.98,566,@80@4687700@334,,USD
92147027,20051187,2026.07.01 03:41:17,sell,xauusd,0.03,4000.1,0,0,2026.07.01 03:42:20,3997.39,Client,,,,,0,0,0,0,8.13,271,@80@4688340@334,,USD
92147166,20051187,2026.07.01 03:41:34,sell,xauusd,0.03,3997.09,0,0,2026.07.01 03:42:20,3997.39,Client,,,,,0,0,0,0,-0.9,-30,@80@4688443@334,,USD
92146677,20050322,2026.07.01 03:36:24,sell,xauusd,0.01,4004.55,0,0,2026.07.01 03:42:41,3997.85,,,,,,0,0,0,0,6.7,670,,,USD
92146115,20004311,2026.07.01 01:43:34,sell,xauusd,0.03,4016.5,4014,0,2026.07.01 03:43:30,3997.96,,,,,,0,0,0,0,55.62,1854,to #92147501,,USD
92033760,20045165,2026.06.30 09:25:28,sell,xauusd.v,0.03,3999.61,0,0,2026.07.01 03:44:42,3996.77,,,,,,0,-0.3,0,0,8.52,284,,,USD
92147246,761898,2026.07.01 03:42:00,sell,eurusd.e,0.01,1.1411,0,0,2026.07.01 03:47:20,1.14096,,,,,,0,-0.06,0,0,0.14,14,,,USD
92034355,20000319,2026.06.30 09:27:35,sell,xauusd,0.02,4002.22,0,0,2026.07.01 03:51:40,3998.14,,,,,,0,0,0,0,8.16,408,,,USD
92146417,761898,2026.07.01 03:34:14,sell,nikkei,0.01,71737,0,0,2026.07.01 03:52:08,71721,,,,,,0,0,0,0,0.49,16,,,USD
92132716,20050896,2026.06.30 23:00:03,buy,xauusd.u,0.08,4016.16,0,0,2026.07.01 03:54:46,3993.57,Client,,,,,0,0,0,0,-180.72,-2259,[30979]本命法宝EA：fqvipstar,,USD
92132719,20025638,2026.06.30 23:00:04,buy,xauusd,0.01,4016.12,0,0,2026.07.01 03:54:46,3993.47,Client,,,,,0,0,0,0,-22.65,-2265,20050896-92132716,,USD
92146918,20003639,2026.07.01 03:39:52,sell,xauusd.v,0.03,4000.91,0,0,2026.07.01 03:55:51,3997.71,,,,,,0,0,0,0,9.6,320,,,USD
92147531,20045165,2026.07.01 03:43:45,buy,xauusd.v,0.07,3997.94,0,0,2026.07.01 03:57:22,3998.49,,,,,,0,-0.7,0,0,3.85,55,,,USD
92147617,20045165,2026.07.01 03:44:28,buy,xauusd.v,0.08,3997.27,0,0,2026.07.01 03:57:26,3998.7,,,,,,0,-0.8,0,0,11.44,143,,,USD
92149039,20047033,2026.07.01 03:58:01,sell,xauusd.u,0.01,3998.61,3997.21,3976.59,2026.07.01 03:59:11,3997.21,Expert,,,,,0,0,0,0,1.4,140,RangerM1[sl],,USD
92149040,20048906,2026.07.01 03:58:01,sell,xauusd.u,0.03,3998.6,3997.21,3976.59,2026.07.01 03:59:12,3997.21,Expert,,,,,0,0,0,0,4.17,139,RangerM1[sl],,USD
92149215,8008007,2026.07.01 03:59:04,sell,xauusd.v,0.05,3997.04,0,0,2026.07.01 04:00:04,3997.44,,,,,,0,-2.5,0,0,-2,-40,,,USD
91784713,20006614,2026.06.29 01:05:04,buy,usdjpy,0.02,161.777,161.918,163.016,2026.07.01 04:00:06,162.682,Expert,,,,,0,0,0,0,11.13,905,趋势追踪1{1804022095},,USD
92134594,20013803,2026.06.30 23:43:09,sell,xauusd,0.05,4010.89,4003,0,2026.07.01 04:00:40,3998.56,,,,,,0,0,0,0,61.65,1233,,,USD
92149597,8008007,2026.07.01 04:00:53,sell,xauusd.v,0.05,3996.61,0,3995.9,2026.07.01 04:01:15,3995.9,,,,,,0,-2.5,0,0,3.55,71,[tp],,USD
92147239,20011098,2026.07.01 03:42:00,sell,xauusd.v,0.01,3997.01,0,3982,2026.07.01 04:01:47,3995.67,Dealer,,,,,0,0,0,0,1.34,134,,,USD
92147311,20051187,2026.07.01 03:42:21,sell,xauusd,0.03,3996.95,0,0,2026.07.01 04:02:41,3991.96,Client,,,,,0,0,0,0,14.97,499,@80@4688644@334,,USD
92148451,20051187,2026.07.01 03:54:45,sell,xauusd,0.03,3993.3,0,0,2026.07.01 04:02:41,3991.96,Client,,,,,0,0,0,0,4.02,134,@80@4689092@334,,USD
92149868,20020212,2026.07.01 04:01:41,sell,xauusd,0.01,3995.24,0,3976,2026.07.01 04:03:32,3993.67,Dealer,,,,,0,0,0,0,1.57,157,,,USD
92052334,20019355,2026.06.30 11:09:25,buy,xauusd.v,0.02,4027.47,0,0,2026.07.01 04:05:03,3988.09,,,,,,0,-1,0,0,-78.76,-3938,so: 19.6%/50.1/255.8,,USD
92055922,20019355,2026.06.30 11:40:26,buy,xauusd.v,0.02,4018.21,0,0,2026.07.01 04:05:03,3988.09,,,,,,0,-1,0,0,-60.24,-3012,so: 19.6%/50.1/255.8,,USD
92058221,20019355,2026.06.30 11:58:09,buy,xauusd.v,0.02,4015.22,0,0,2026.07.01 04:05:03,3988.09,,,,,,0,-1,0,0,-54.26,-2713,so: 19.6%/50.1/255.8,,USD
92077033,20019355,2026.06.30 15:56:45,buy,xauusd.v,0.02,4012.1,0,0,2026.07.01 04:05:03,3988.09,,,,,,0,-1,0,0,-48.02,-2401,so: 19.6%/50.1/255.8,,USD
92103701,20019355,2026.06.30 17:34:26,buy,xauusd.v,0.01,4053.23,0,0,2026.07.01 04:05:03,3988.09,,,,,,0,-0.5,0,0,-65.14,-6514,so: 19.6%/50.1/255.8,,USD
92105174,20019355,2026.06.30 17:36:47,buy,xauusd.v,0.05,4052.74,0,0,2026.07.01 04:05:03,3988.09,,,,,,0,-2.5,0,0,-323.25,-6465,so: 19.6%/50.1/255.8,,USD
92105492,20019355,2026.06.30 17:38:55,buy,xauusd.v,0.01,4047.33,0,0,2026.07.01 04:05:03,3988.09,,,,,,0,-0.5,0,0,-59.24,-5924,so: 19.6%/50.1/255.8,,USD
92107405,20019355,2026.06.30 17:48:07,buy,xagusd.v,0.01,60.155,0,60.2,2026.07.01 04:05:03,58.34,,,,,,0,-0.5,0,0,-90.75,-1815,so: 19.6%/50.1/255.8,,USD
92107673,20019355,2026.06.30 17:54:14,buy,xauusd.v,0.02,4043.53,0,0,2026.07.01 04:05:03,3988.09,,,,,,0,-1,0,0,-110.88,-5544,so: 19.6%/50.1/255.8,,USD
92107709,20019355,2026.06.30 17:49:35,buy,xagusd.v,0.01,59.994,0,0,2026.07.01 04:05:03,58.34,,,,,,0,-0.5,0,0,-82.7,-1654,so: 19.6%/50.1/255.8,,USD
92109101,20019355,2026.06.30 17:58:40,buy,xauusd.v,0.02,4040.45,0,0,2026.07.01 04:05:03,3988.09,,,,,,0,-1,0,0,-104.72,-5236,so: 19.6%/50.1/255.8,,USD
92109509,20019355,2026.06.30 17:59:43,buy,xauusd.v,0.02,4038.5,0,0,2026.07.01 04:05:03,3988.09,,,,,,0,-1,0,0,-100.82,-5041,so: 19.6%/50.1/255.8,,USD
92110408,20019355,2026.06.30 18:03:04,buy,xauusd.v,0.02,4036.14,0,0,2026.07.01 04:05:03,3988.09,,,,,,0,-1,0,0,-96.1,-4805,so: 19.6%/50.1/255.8,,USD
92134387,20048090,2026.06.30 23:31:41,buy,xauusd,0.01,4012.24,0,0,2026.07.01 04:05:03,3988.59,Dealer,,,,,0,0,0,0,-23.65,-2365,so: 19.4%/1.6/8.0,,USD
92134623,20019355,2026.06.30 23:52:26,buy,xauusd.v,0.05,4011.77,0,0,2026.07.01 04:05:03,3988.09,,,,,,0,-2.5,0,0,-118.4,-2368,so: 19.6%/50.1/255.8,,USD
92150289,20047033,2026.07.01 04:03:01,buy,xauusd.u,0.01,3993.12,3988.24,4028.96,2026.07.01 04:05:03,3988.14,Expert,,,,,0,0,0,0,-4.98,-498,RangerM1[sl],,USD
92150291,20048906,2026.07.01 04:03:01,buy,xauusd.u,0.03,3993.09,3988.24,4028.96,2026.07.01 04:05:03,3988.14,Expert,,,,,0,0,0,0,-14.85,-495,RangerM1[sl],,USD
92146968,607639,2026.07.01 03:40:29,buy,xauusd.v,0.01,4001.4,3987,0,2026.07.01 04:05:06,3986.79,,,,,,0,-0.1,0,0,-14.61,-1461,[sl],,USD
92147253,20048906,2026.07.01 03:42:01,buy,xauusd.u,0.03,3997.09,3987.44,4027.44,2026.07.01 04:05:06,3987.39,Expert,,,,,0,0,0,0,-29.1,-970,Tornado2.0#92147250[sl],,USD
92147254,20047033,2026.07.01 03:42:01,buy,xauusd.u,0.01,3997.09,3987.44,4027.44,2026.07.01 04:05:06,3987.39,Expert,,,,,0,0,0,0,-9.7,-970,#222 龙卷风2.0一次一单[sl],,USD
92150172,20051187,2026.07.01 04:02:41,sell,xauusd,0.03,3991.51,0,0,2026.07.01 04:05:13,3987.95,Client,,,,,0,0,0,0,10.68,356,@80@4689742@334,,USD
92150767,20051187,2026.07.01 04:05:03,sell,xauusd,0.03,3987.85,0,0,2026.07.01 04:05:13,3987.95,Client,,,,,0,0,0,0,-0.3,-10,@80@4690056@334,,USD
92147585,20050322,2026.07.01 03:44:08,sell,xauusd,0.01,3997.21,4001,0,2026.07.01 04:05:15,3987.69,,,,,,0,0,0,0,9.52,952,,,USD
92150166,20013803,2026.07.01 04:02:40,sell,xauusd,0.05,3991.2,0,0,2026.07.01 04:05:25,3985.73,,,,,,0,0,0,0,27.35,547,,,USD
92151278,20048906,2026.07.01 04:06:01,buy,xauusd.u,0.03,3987.48,3989.03,4034.78,2026.07.01 04:07:58,3988.94,Expert,,,,,0,0,0,0,4.38,146,RangerM1[sl],,USD
92151283,20047033,2026.07.01 04:06:01,buy,xauusd.u,0.01,3987.47,3989.03,4034.78,2026.07.01 04:07:58,3988.94,Expert,,,,,0,0,0,0,1.47,147,RangerM1[sl],,USD
92151562,20051187,2026.07.01 04:07:05,sell,xauusd,0.03,3987.84,0,0,2026.07.01 04:08:47,3984.54,Client,,,,,0,0,0,0,9.9,330,@80@4690584@334,,USD
92151795,20051187,2026.07.01 04:08:07,sell,xauusd,0.03,3985.96,0,0,2026.07.01 04:08:47,3984.55,Client,,,,,0,0,0,0,4.23,141,@80@4690662@334,,USD
92149731,20013803,2026.07.01 04:01:16,sell,xauusd,0.03,3994.87,0,0,2026.07.01 04:09:51,3985.33,,,,,,0,0,0,0,28.62,954,,,USD
92109879,20028076,2026.06.30 18:01:08,buy,xauusd.v,0.15,4038.37,0,4039.5,2026.07.01 04:10:15,3981.2,,,,,,0,-7.5,0,0,-857.55,-5717,so: 19.8%/69.7/352.8,,USD
92111783,20028076,2026.06.30 18:11:02,buy,xauusd.v,0.05,4033.59,0,4035,2026.07.01 04:10:15,3981.2,,,,,,0,-2.5,0,0,-261.95,-5239,so: 19.8%/69.7/352.8,,USD
92113495,20028076,2026.06.30 18:19:25,buy,xauusd.v,0.05,4027.49,0,4035,2026.07.01 04:10:15,3981.2,,,,,,0,-2.5,0,0,-231.45,-4629,so: 19.8%/69.7/352.8,,USD
92114133,20028076,2026.06.30 18:22:40,buy,xauusd.v,0.05,4023.52,0,4035,2026.07.01 04:10:15,3981.2,,,,,,0,-2.5,0,0,-211.6,-4232,so: 19.8%/69.7/352.8,,USD
92134625,20028076,2026.06.30 23:53:24,buy,xauusd.v,0.05,4011.69,0,0,2026.07.01 04:10:15,3981.2,,,,,,0,-2.5,0,0,-152.45,-3049,so: 19.8%/69.7/352.8,,USD
92134626,20028076,2026.06.30 23:53:39,buy,xagusd.v,0.01,58.731,0,0,2026.07.01 04:10:15,58.189,,,,,,0,-0.5,0,0,-27.1,-542,so: 19.8%/69.7/352.8,,USD
92143609,20028076,2026.07.01 03:07:22,buy,xauusd.v,0.01,4006.86,0,0,2026.07.01 04:10:15,3981.2,,,,,,0,-0.5,0,0,-25.66,-2566,so: 19.8%/69.7/352.8,,USD
92145332,20028076,2026.07.01 03:23:22,buy,xauusd.v,0.01,4003.3,0,0,2026.07.01 04:10:15,3981.2,,,,,,0,-0.5,0,0,-22.1,-2210,so: 19.8%/69.7/352.8,,USD
92147735,20028076,2026.07.01 03:45:51,buy,xauusd.v,0.05,3996.94,0,0,2026.07.01 04:10:15,3981.2,,,,,,0,-2.5,0,0,-78.7,-1574,so: 19.8%/69.7/352.8,,USD
92151279,20048906,2026.07.01 04:06:01,sell,xauusd.u,0.03,3986.96,3981.71,3957.11,2026.07.01 04:10:20,3981.43,Expert,,,,,0,0,0,0,16.59,553,Tornado2.0#92151264,,USD
92151282,20047033,2026.07.01 04:06:01,sell,xauusd.u,0.01,3986.91,3981.71,3957.11,2026.07.01 04:10:20,3981.51,Expert,,,,,0,0,0,0,5.4,540,#222 龙卷风2.0一次一单,,USD
92151055,20050322,2026.07.01 04:05:26,sell,xauusd,0.01,3985.21,0,0,2026.07.01 04:10:37,3981.21,,,,,,0,0,0,0,4,400,,,USD
92140612,20049971,2026.07.01 02:21:59,sell,xauusd.v,0.02,4009.07,4008,3980,2026.07.01 04:10:40,3980,,,,,,0,0,0,0,58.14,2907,[tp],,USD
92152485,20006614,2026.07.01 04:10:40,sell,btcusd,0.02,58069.22,58125,57757.74,2026.07.01 04:10:41,58126.43,Expert,,,,,0,-0.12,0,0,-1.14,-5721,趋势追踪1{1804796472}[sl],,USD
92152629,20006614,2026.07.01 04:10:59,sell,btcusd,0.02,58004.23,58053.71,57686.43,2026.07.01 04:11:04,58060.25,Expert,,,,,0,-0.12,0,0,-1.12,-5602,趋势追踪1{1804236737}[sl],,USD
92152681,20000319,2026.07.01 04:11:02,buy,xauusd,0.01,3981.94,0,0,2026.07.01 04:11:46,3982.61,,,,,,0,0,0,0,0.67,67,,,USD
92152249,20013803,2026.07.01 04:10:07,sell,xauusd,0.05,3984.12,0,0,2026.07.01 04:11:59,3983.74,,,,,,0,0,0,0,1.9,38,,,USD
92152669,20047033,2026.07.01 04:11:01,buy,xauusd.u,0.01,3981.74,3982.9,4036.97,2026.07.01 04:12:01,3982.89,Expert,,,,,0,0,0,0,1.15,115,RangerM1[sl],,USD
92152670,20048906,2026.07.01 04:11:01,buy,xauusd.u,0.03,3981.73,3982.9,4036.97,2026.07.01 04:12:01,3982.89,Expert,,,,,0,0,0,0,3.48,116,RangerM1[sl],,USD
92151946,20050322,2026.07.01 04:08:39,sell,xauusd,0.01,3983.87,0,0,2026.07.01 04:12:11,3982.38,,,,,,0,0,0,0,1.49,149,,,USD
92131595,20000319,2026.06.30 22:42:36,sell,usoil,0.08,70.496,0,0,2026.07.01 04:12:32,70.367,,,,,,0,0,0,0,10.32,129,,,USD
92152614,20006614,2026.07.01 04:10:58,sell,btcusd,0.02,58007.54,58451.69,57765.3,2026.07.01 04:12:57,57832.12,Expert,,,,,0,-0.12,0,0,3.51,17542,趋势追踪1{1804236762},,USD
92152632,20006614,2026.07.01 04:11:00,sell,btcusd,0.02,58008.58,58113.31,57601.53,2026.07.01 04:14:04,58112.76,Expert,,,,,0,-0.12,0,0,-2.08,-10418,趋势追踪1{1804236721},,USD
92153305,20013803,2026.07.01 04:13:55,sell,xauusd,0.05,3983.15,0,0,2026.07.01 04:14:40,3982.65,,,,,,0,0,0,0,2.5,50,,,USD
92153021,20050322,2026.07.01 04:12:27,sell,xauusd,0.01,3982.1,0,0,2026.07.01 04:16:44,3980.75,,,,,,0,0,0,0,1.35,135,,,USD
92069311,20008519,2026.06.30 14:13:09,buy,ethusd,0.5,1585.6,0,0,2026.07.01 04:17:39,1558.08,,,,,,0,-0.08,0,0,-13.76,-2752,so: 19.9%/14.7/73.7,,USD
92069346,20008519,2026.06.30 14:13:13,buy,ethusd,0.5,1585.79,0,0,2026.07.01 04:17:39,1558.08,,,,,,0,-0.08,0,0,-13.86,-2771,so: 19.9%/14.7/73.7,,USD
92087612,20008519,2026.06.30 16:23:48,buy,usoil.u,0.02,71.372,0,0,2026.07.01 04:17:39,70.32,,,,,,0,0,0,0,-21.04,-1052,so: 19.9%/14.7/73.7,,USD
92087634,20008519,2026.06.30 16:23:52,buy,usoil.u,0.02,71.362,0,0,2026.07.01 04:17:39,70.32,,,,,,0,0,0,0,-20.84,-1042,so: 19.9%/14.7/73.7,,USD
92091243,20008519,2026.06.30 16:41:56,buy,usoil.u,0.01,71.19,0,0,2026.07.01 04:17:39,70.32,,,,,,0,0,0,0,-8.7,-870,so: 19.9%/14.7/73.7,,USD
92134595,20008519,2026.06.30 23:43:11,buy,xauusd.u,0.01,4011.88,0,0,2026.07.01 04:17:39,3977.18,,,,,,0,0,0,0,-34.7,-3470,so: 19.9%/14.7/73.7,,USD
92134606,20008519,2026.06.30 23:46:21,buy,xauusd.u,0.01,4011.53,0,0,2026.07.01 04:17:39,3977.18,,,,,,0,0,0,0,-34.35,-3435,so: 19.9%/14.7/73.7,,USD
92146972,20008519,2026.07.01 03:40:46,buy,xauusd.u,0.01,4001.41,0,0,2026.07.01 04:17:39,3977.18,,,,,,0,0,0,0,-24.23,-2423,so: 19.9%/14.7/73.7,,USD
92147397,20008519,2026.07.01 03:42:52,buy,xauusd.u,0.01,3998.42,0,0,2026.07.01 04:17:39,3977.18,,,,,,0,0,0,0,-21.24,-2124,so: 19.9%/14.7/73.7,,USD
92151480,20008519,2026.07.01 04:06:49,buy,xauusd.u,0.01,3988.28,0,0,2026.07.01 04:17:39,3977.18,,,,,,0,0,0,0,-11.1,-1110,so: 19.9%/14.7/73.7,,USD
92152610,20020212,2026.07.01 04:10:58,sell,xauusd,0.01,3980.97,0,3976,2026.07.01 04:18:21,3976,Dealer,,,,,0,0,0,0,4.97,497,[tp],,USD
92151987,20051187,2026.07.01 04:08:45,sell,xauusd,0.03,3983.49,0,0,2026.07.01 04:18:37,3977.01,Client,,,,,0,0,0,0,19.44,648,@80@4690809@334,,USD
92152493,20051187,2026.07.01 04:10:41,sell,xauusd,0.03,3979.31,0,0,2026.07.01 04:18:37,3977.01,Client,,,,,0,0,0,0,6.9,230,@80@4691090@334,,USD
92154113,20051187,2026.07.01 04:17:40,sell,xauusd,0.03,3976.16,0,0,2026.07.01 04:18:37,3977.01,Client,,,,,0,0,0,0,-2.55,-85,@80@4691969@334,,USD
92153060,20013803,2026.07.01 04:12:38,sell,xauusd,0.05,3981.07,3987,0,2026.07.01 04:18:54,3978.32,,,,,,0,0,0,0,13.75,275,,,USD
92153416,20001606,2026.07.01 04:14:33,sell,xauusd.e,0.5,3982.11,3980,0,2026.07.01 04:19:08,3980.12,,,,,,0,-3,0,0,99.5,199,[sl],,USD
92153931,20001606,2026.07.01 04:17:01,sell,xauusd.e,0.5,3980.07,3980,0,2026.07.01 04:19:08,3980.12,,,,,,0,-3,0,0,-2.5,-5,[sl],,USD
92153994,20001606,2026.07.01 04:17:19,sell,xauusd.e,0.5,3979.79,3980,0,2026.07.01 04:19:08,3980.06,,,,,,0,-3,0,0,-13.5,-27,[sl],,USD
92130407,8824136,2026.06.30 22:13:58,sell,xauusd.v,0.02,4023.95,0,0,2026.07.01 04:19:25,3981.35,Dealer,,,,,0,-1,0,0,85.2,4260,,,USD
92144415,20051316,2026.07.01 03:16:06,sell,xauusd,0.02,4007.13,0,0,2026.07.01 04:19:43,3981.23,,,,,,0,0,0,0,51.8,2590,,,USD
92133199,761898,2026.06.30 23:05:05,sell,nas100,0.01,30271.1,0,30001,2026.07.01 04:20:04,30224,,,,,,0,0,0,0,4.71,471,,,USD
92154478,20000319,2026.07.01 04:19:01,buy,xauusd,0.02,3979.14,0,0,2026.07.01 04:21:01,3982.18,,,,,,0,0,0,0,6.08,304,,,USD
92133728,20045165,2026.06.30 23:18:27,sell,xauusd.v,0.02,4018.5,0,0,2026.07.01 04:21:26,3982.95,,,,,,0,-0.2,0,0,71.1,3555,,,USD
92149658,20045165,2026.07.01 04:00:59,sell,xauusd.v,0.03,3996.67,0,0,2026.07.01 04:21:33,3982.99,,,,,,0,-0.3,0,0,41.04,1368,,,USD
92015408,20045165,2026.06.30 07:28:11,sell,xauusd.v,0.05,3980,0,0,2026.07.01 04:21:38,3982.48,,,,,,0,-0.5,0,0,-12.4,-248,,,USD
92026963,20045165,2026.06.30 08:42:19,sell,xauusd.v,0.05,3983.3,0,0,2026.07.01 04:21:44,3982.78,,,,,,0,-0.5,0,0,2.6,52,,,USD
92114534,20011098,2026.07.01 04:10:40,buy,xauusd.v,0.01,3980,3970,3998,2026.07.01 04:22:20,3983.61,Dealer,,,,,0,0,0,0,3.61,361,,,USD
92151918,607639,2026.07.01 04:08:35,buy,xauusd.v,0.01,3984.12,3974,0,2026.07.01 04:22:28,3984.54,,,,,,0,-0.1,0,0,0.42,42,,,USD
,,,,,,,,,,,,,,,,0,-7779.34,0,0,-150630.48,,,,
,,,,,,,,,,,,,,,,,,Profit:,,-287431.25,,,,
,,,,,,,,,,,,,,,,,,Profit w/o agent commission:,,-287431.25,,,,
,,,,,,,,,,,,,,,,,,Total broker fee:,,-7779.34,,,,
,,,,,,,,,,,,,,,,,,Deposit:,,277934.85,,,,
,,,,,,,,,,,,,,,,,,Withdrawal:,,-141134.08,,,,
,,,,,,,,,,,,,,,,,,Credit:,,0,,,,
