account,account_type
20000319,Classic
20001606,Plus
20002252,Classic
20003639,Classic
20004084,Classic
20004311,Classic
20004509,Classic
20004853,Classic
20006614,Classic
20008519,Classic
20011098,Classic
20013741,Classic
20013803,Classic
20014868,Classic
20019355,Classic
20020212,Classic
20023879,Classic
20024388,Classic
20025638,Classic
20026091,Classic
20028076,Classic
20028179,CentAccount
20028197,Classic
20033386,CentAccount
20045165,Classic
20045666,Classic
20045876,Classic
20047033,Classic
20048090,Classic
20048906,Classic
20049816,Classic
20049971,Classic
20050322,Classic
20050392,Classic
20050718,Classic
20050896,Classic
20050974,Classic
20050995,Pro
20051032,Classic
20051187,Classic
20051316,Classic
27284,Classic
607639,Classic
761898,Plus
8008007,Classic
861994,Classic
866310,Classic
8824136,Classic
